{
  "users": [
    {
      "username": "mohd_kha96@outllokc.com",
      "email": "mohd_kha96@outllokc.com",
      "passwordHash": "bW9oYW1tYWQ=",
      "tradingCapital": "1000",
      "riskPerTrade": "2.0",
      "id": 1,
      "createdAt": "2026-01-19T19:21:59.592Z"
    },
    {
      "username": "mohd_kha96@outlook.com",
      "email": "mohd_kha96@outlook.com",
      "passwordHash": "bW9oYW1tYWQ=",
      "tradingCapital": "10000",
      "riskPerTrade": "2.0",
      "id": 2,
      "createdAt": "2026-01-19T19:22:25.175Z"
    }
  ]
}