{
  "$schema": "http://json-schema.org/draft-07/schema#",
  "title": "TRADIFY MT5 Bridge Data Contract",
  "description": "JSON schema for data exported from MetaTrader 5 EA to Tradify application",
  "version": "1.0.0",
  "type": "object",
  "required": [
    "timestamp",
    "timestamp_iso",
    "account",
    "positions",
    "market"
  ],
  "properties": {
    "timestamp": {
      "type": "integer",
      "description": "Unix timestamp when data was exported"
    },
    "timestamp_iso": {
      "type": "string",
      "description": "ISO 8601 formatted timestamp (YYYY-MM-DD HH:MM)"
    },
    "account": {
      "type": "object",
      "description": "Real-time account information",
      "required": [
        "name",
        "number",
        "balance",
        "equity",
        "margin_used",
        "margin_free",
        "margin_level",
        "leverage",
        "currency"
      ],
      "properties": {
        "name": {
          "type": "string",
          "description": "Account name/owner"
        },
        "number": {
          "type": "integer",
          "description": "MT5 account number"
        },
        "balance": {
          "type": "number",
          "description": "Account balance in account currency"
        },
        "equity": {
          "type": "number",
          "description": "Current equity (balance + profit/loss)"
        },
        "margin_used": {
          "type": "number",
          "description": "Margin currently used by open positions"
        },
        "margin_free": {
          "type": "number",
          "description": "Free margin available for new positions"
        },
        "margin_level": {
          "type": "number",
          "description": "Margin level percentage (equity / margin_used * 100)"
        },
        "leverage": {
          "type": "integer",
          "description": "Account leverage (e.g., 100, 500)"
        },
        "currency": {
          "type": "string",
          "description": "Account base currency (USD, EUR, etc.)"
        }
      }
    },
    "positions": {
      "type": "array",
      "description": "Array of currently open positions",
      "items": {
        "type": "object",
        "required": [
          "ticket",
          "symbol",
          "direction",
          "type",
          "volume",
          "entry_price",
          "current_price",
          "open_time",
          "profit",
          "profit_pips"
        ],
        "properties": {
          "ticket": {
            "type": "integer",
            "description": "Unique position ticket number"
          },
          "symbol": {
            "type": "string",
            "description": "Trading instrument symbol (e.g., EURUSD, GBPUSD)"
          },
          "direction": {
            "type": "string",
            "enum": ["LONG", "SHORT"],
            "description": "Trade direction"
          },
          "type": {
            "type": "integer",
            "description": "MT5 position type (0=LONG, 1=SHORT)"
          },
          "volume": {
            "type": "number",
            "description": "Position volume/size in lots"
          },
          "entry_price": {
            "type": "number",
            "description": "Entry price where position was opened"
          },
          "current_price": {
            "type": "number",
            "description": "Current bid/ask price of the instrument"
          },
          "open_time": {
            "type": "integer",
            "description": "Unix timestamp when position was opened"
          },
          "profit": {
            "type": "number",
            "description": "Current profit/loss in account currency"
          },
          "profit_pips": {
            "type": "number",
            "description": "Current profit/loss in pips"
          }
        }
      }
    },
    "market": {
      "type": "object",
      "description": "Current market data for the active symbol",
      "required": [
        "symbol",
        "bid",
        "ask",
        "spread_points"
      ],
      "properties": {
        "symbol": {
          "type": "string",
          "description": "Trading instrument symbol"
        },
        "bid": {
          "type": "number",
          "description": "Current bid price"
        },
        "ask": {
          "type": "number",
          "description": "Current ask price"
        },
        "spread_points": {
          "type": "integer",
          "description": "Bid-ask spread in points"
        }
      }
    }
  },
  "examples": [
    {
      "timestamp": 1642258800,
      "timestamp_iso": "2026-01-16 14:30",
      "account": {
        "name": "Demo Account",
        "number": 12345678,
        "balance": 10000.00,
        "equity": 10250.50,
        "margin_used": 500.00,
        "margin_free": 9500.00,
        "margin_level": 2050.1,
        "leverage": 100,
        "currency": "USD"
      },
      "positions": [
        {
          "ticket": 1001,
          "symbol": "EURUSD",
          "direction": "LONG",
          "type": 0,
          "volume": 1.0,
          "entry_price": 1.0850,
          "current_price": 1.0875,
          "open_time": 1642258500,
          "profit": 250.50,
          "profit_pips": 25.0
        }
      ],
      "market": {
        "symbol": "EURUSD",
        "bid": 1.0874,
        "ask": 1.0875,
        "spread_points": 1
      }
    }
  ]
}
