{
  "version": "1.0.0",
  "rules": [
    {
      "id": "GR-02",
      "name": "HTF Bias Alignment",
      "description": "Longs only in Bullish markets, Shorts only in Bearish markets",
      "type": "forbidden",
      "condition": {
        "operator": "OR",
        "checks": [
          {
            "operator": "AND",
            "checks": [
              {
                "field": "direction",
                "operator": "equals",
                "value": "LONG"
              },
              {
                "field": "htfBias",
                "operator": "not_equals",
                "value": "BULLISH"
              }
            ]
          },
          {
            "operator": "AND",
            "checks": [
              {
                "field": "direction",
                "operator": "equals",
                "value": "SHORT"
              },
              {
                "field": "htfBias",
                "operator": "not_equals",
                "value": "BEARISH"
              }
            ]
          }
        ]
      },
      "violation_message": "GR-02: HTF Bias Alignment - Direction must align with HTF Bias"
    },
    {
      "id": "GR-03",
      "name": "Valid Supply/Demand Zone",
      "description": "Entry price must be within a valid supply/demand zone",
      "type": "required",
      "condition": {
        "field": "hasValidZone",
        "operator": "equals",
        "value": false
      },
      "violation_message": "GR-03: Valid Supply/Demand Zone - Entry must be within a valid zone"
    },
    {
      "id": "GR-05",
      "name": "Entry Confirmation Required",
      "description": "OB/FVG retest confirmation is mandatory before entry",
      "type": "required",
      "condition": {
        "field": "hasObFvgRetest",
        "operator": "equals",
        "value": false
      },
      "violation_message": "GR-05: Entry Confirmation Required - OB/FVG retest confirmation is mandatory"
    },
    {
      "id": "GR-08",
      "name": "Liquidity Sweep Prerequisite",
      "description": "Reversal entries require prior liquidity sweep",
      "type": "conditional",
      "condition": {
        "operator": "AND",
        "checks": [
          {
            "field": "entryType",
            "operator": "equals",
            "value": "REVERSAL"
          },
          {
            "field": "hasLiquiditySweep",
            "operator": "equals",
            "value": false
          }
        ]
      },
      "violation_message": "GR-08: Liquidity Sweep Prerequisite - Reversal entries require prior liquidity sweep"
    }
  ]
}
